Ctvrthodina,Cena (EUR/MWh)
1,72.28
2,68.45
3,64.32
4,58.18
5,70.31
6,67.1
7,65.13
8,59.97
9,81.51
10,81.51
11,81.26
12,109.0
13,93.41
14,103.64
15,101.44
16,100.0
17,78.74
18,81.76
19,81.51
20,93.82
21,92.0
22,92.63
23,57.45
24,88.62
25,77.58
26,83.83
27,90.72
28,97.23
29,104.94
30,115.0
31,115.57
32,126.33
33,149.46
34,125.0
35,93.39
36,93.99
37,184.11
38,168.01
39,163.38
40,129.67
41,207.0
42,177.48
43,129.45
44,137.87
45,136.5
46,121.27
47,105.58
48,98.18
49,107.18
50,87.83
51,82.96
52,86.39
53,95.53
54,99.35
55,93.29
56,84.56
57,84.99
58,92.64
59,92.52
60,101.97
61,63.2
62,84.31
63,51.39
64,64.35
65,36.34
66,54.78
67,81.26
68,87.09
69,78.0
70,85.0
71,87.77
72,102.77
73,116.34
74,116.96
75,125.0
76,138.46
77,134.98
78,142.14
79,135.76
80,138.28
81,141.0
82,128.52
83,114.53
84,109.23
85,120.98
86,108.04
87,89.43
88,78.33
89,102.38
90,93.31
91,87.72
92,78.01
93,46.58
94,53.07
95,40.0
96,-4.64
